,Date,Open,High,Low,Close,Adj Close,Volume,5D Volume,Daily Avg Price,5D Volume Adj Typical Price,5D-VWAP,Pct Change,alpha001,alpha002,alpha003,alpha004,alpha005,alpha006,alpha007,alpha008,alpha009,alpha010,alpha011,alpha012,alpha013,alpha014,alpha015,alpha016,alpha017,alpha018,alpha019,alpha020,alpha021,alpha022,alpha023,alpha024,alpha025,alpha026,alpha027,alpha028,alpha029,alpha030,alpha032,alpha033,alpha034,alpha035,alpha036,alpha037,alpha038,alpha040,alpha041,alpha042,alpha043,alpha044,alpha045,alpha046,alpha047,alpha049,alpha050,alpha051,alpha052,alpha053,alpha054,alpha055,alpha060,alpha061,alpha062,alpha064,alpha065,alpha068,alpha074,alpha075,alpha078,alpha081,alpha083,alpha084,alpha085,alpha086,alpha094,alpha095,alpha099,alpha101
274,2015-12-01,0.025000000372529,0.025000000372529,0.0099999997764825,0.16770509831248467,0.0099999997764825,65635,65685.0,0.020000000173846833,1313.7000114191292,0.37634848137254,-0.7500000000000019,0.9663551401869159,0.0,0.764310889275557,-1.0,-0.10759939334849962,0.9999997133727941,-60.0,-0.09262759924385633,-0.12770509920655437,-0.12770509920655437,0.9640122222641367,-0.12770509920655437,-0.9476635514018692,0.00925925660530365,-1.534926470588235,-0.02962962962962963,-0.8975972638222051,-0.028037383177570093,-1.0051020408163265,-2.0434657659967522e-05,-1.0,0.6459142211148068,0.0,-0.14285988622174312,0.009523809523809525,-8.736153603325177e-08,1.0,-0.008923944964729997,3.151685393258427,0.08337699215504091,0.2009231571555305,0.01289134438305709,0.036968576709796676,-0.0,2.0399389774345518,0.03158960065037413,-0.0166368884002199,0.6373829948787294,-0.36053709313060023,0.1652892561983471,20.0,0.7315871618407037,-0.1388420504411409,-0.12770509920655437,0.017373576212258074,-0.12770509920655437,-0.8184357541899442,-0.12770509920655437,0.022944078434528333,-1.9048857599703906,-0.0007739683577192753,-0.7434063803366789,-0.003500421700936746,True,-1,0,-1,0,0,False,0.6639112848333378,0,0.44055227584385254,1.0,0.9756106471115918,0,-0.013530970928124638,False,0,8.919068288986017
275,2015-12-02,0.0099999997764825,0.0099999997764825,0.0099999997764825,0.0099999997764825,0.0099999997764825,0,65685.0,0.0099999997764825,656.8499853182531,0.3771867995867291,0.0,0.9,0.0,0.24971824156539993,-1.5,-0.0004197811721373632,0.36431718032997606,-1.0,-0.11153119092627599,0.15770509853600218,0.15770509853600218,0.11826172243389038,-0.15770509853600218,-0.9644859813084112,0.180809267274877,-1.2279411764705879,-0.12777777777777777,-1.4354437327166243e-05,-0.11962616822429907,1.0051020408163265,-0.00010407478697051247,1.0,0.16715575627353849,0.0,-0.0,0.5152380952380953,-8.736153603325177e-08,1.0,-0.00775856962596096,3.151685393258427,0.5239585717532568,0.20385696118777638,0.5174953959484346,0.7338262476894639,-0.0,2.6921722253843177,0.6676455460985848,-0.008148364485981309,0.287367944110747,-0.3671867998102466,3.043478260869565,72.0,-0.03713642715402356,-0.14653300950347814,1.0,-0.04081632653061224,0.15770509853600218,-0.611731843575419,0.15770509853600218,0.009177631373811333,-0.0,0.0,-0.7434063803366789,-9.901086666206597e-05,False,-1,0,-1,0,0,False,0.2011153801904799,0,inf,0.9794202980421529,0.4544704847930949,0,-0.07724954755973634,False,-1,0.0
276,2015-12-03,0.0199999995529651,0.0350000001490116,0.0199999995529651,0.0299999993294477,0.0299999993294477,42500,108185.0,0.024999999751647267,2704.6249731319595,0.3610544973550943,2.00000000000002,0.8383177570093457,0.0,0.4145002366052511,-3.0,-0.0381865453363666,0.48458100420518463,56.0,-0.9111531190926276,-0.0199999995529652,-0.0199999995529652,0.947741590334672,-0.0199999995529652,-0.9439252336448598,0.48458100420518463,-1.545955882352941,-0.8925925925925926,-0.054438675826611535,-0.5532710280373832,1.2448979591836735,-0.8798160103941627,-1.0,0.05064943899532518,0.0,-0.0199999995529652,0.024761904761904763,-0.13074409009212276,1.0,-0.006193844452746584,3.151685393258427,0.08530050082710385,0.20092136672124367,0.034990791896869246,0.066543438077634,13454.0,1.9691945152082757,0.18674199060939392,-0.06596687740516767,0.24272846452082336,-0.33459698448381314,2.207142857142857,133.0,-0.29407953993651703,-0.14936652073697443,1.0,36.9809696007767,-0.0199999995529652,-0.611731843575419,-0.0199999995529652,0.01697368383113494,-0.4999999068677382,-0.08779148974808856,-0.7649875214423728,-0.0037850699803480842,True,-1,0,-1,0,0,False,0.527723411081342,0,1.2372212255051134,1.0,0.3988456095339775,0,-0.0015739590948287573,False,0,0.6249999627470976
293,2015-12-29,0.025000000372529,0.025000000372529,0.025000000372529,0.49953834574973754,0.025000000372529,37523,37598.0,0.025000000372529,939.9500140063453,0.3498903941815852,-0.3749999767169354,0.9663551401869159,-0.06981046011803037,0.45647303532716327,-1.0,-0.12591911764705882,0.9999956732560289,-60.0,-0.13988657844990549,-0.4595383466438072,-0.4595383466438072,0.4315755540999798,-0.4595383466438072,-0.9233644859813084,0.024999891831400722,-1.5367647058823528,-0.05,-0.9268854662885726,-0.041121495327102804,-1.239795918367347,-2.0434657659967522e-05,-1.0,0.9377424744930178,0.0,-0.489538345973255,0.0019047619047619048,-0.0,1.0,-0.011440300034161556,3.142322097378277,0.016637023056805533,0.1891098978296859,0.003683241252302026,0.014787430683918669,435.0,1.98671347216021,0.22406384284837322,-0.01679150632215503,0.6355112689851343,-0.3248903938090562,0.001841620626151013,17.0,0.5617981183316441,-0.26761340490591917,-0.4595383466438072,-0.05747089888256806,-0.4595383466438072,-0.6061452513966481,-0.4595383466438072,0.0024671050548357404,-2.0,-0.0014897974643239274,-0.47925057253996156,-0.003649376310404843,True,-1,0,-1,0,0,True,0.3839015072697872,0,-inf,3.4710353181714635,0.9820357666432474,0,-0.013530970928124638,True,0,474.53834537720854
294,2015-12-30,0.025000000372529,0.025000000372529,0.025000000372529,0.025000000372529,0.025000000372529,70,37668.0,0.025000000372529,941.7000140324224,0.3508896769597246,0.0,0.9,-0.06981046011803037,0.48740602837182573,-1.5,-0.0642349826671,0.6674539780471973,-1.0,-0.14744801512287334,0.47453834537720857,0.47453834537720857,0.40571126787128897,-0.47453834537720857,-0.902803738317757,0.3312549372530535,-1.1856617647058822,-0.05185185185185185,-2.5331359989116897e-05,-0.03364485981308411,1.239795918367347,-0.0004501647531661055,-1.0,0.573915877797461,0.0,-0.015000000596046498,0.5152380952380953,7.585105454632968e-08,1.0,-0.0008606392141335215,3.142322097378277,0.15586905333685278,0.2005563045755047,0.5174953959484346,0.7301293900184843,-0.0,1.908945481198271,0.7487266271796659,-0.02127628504672897,0.4653464183394458,-0.32588967658719564,2.0381679389312977,120.0,0.5248275836600618,-0.2787308757328713,0.47453834537720857,-0.04961523162351768,0.47453834537720857,-0.6061452513966481,0.47453834537720857,0.00019736840438685922,-0.0,0.0,0.11321411157812669,-9.901086666206597e-05,True,-1,0,-1,0,0,False,0.5309633715324157,0,inf,0.9575708434686442,0.9217061538281383,0,-0.21301775147928997,True,0,0.0
295,2015-12-31,0.0199999995529651,0.0199999995529651,0.0199999995529651,0.4666312249100809,0.0199999995529651,5350,42993.0,0.0199999995529651,859.8599807806286,0.3497876598900964,-0.20000002980232345,0.8383177570093457,0.15572750789112522,0.5205080904056164,-1.0,-0.0880727981800455,0.5253355604500067,-1.0,-0.13043478260869565,-0.44163122453755194,-0.44163122453755194,0.42777924478479007,-0.44163122453755194,-0.9214953271028037,0.02821246528342629,-0.8805147058823528,-0.03148148148148148,-0.8047092288242731,-0.11588785046728972,-1.1887755102040816,-9.986974507271399e-05,1.0,0.3812818028807661,0.0,-0.4566312251335984,0.0038095238095238095,0.8749999999999992,1.0,-0.0020216903701091703,3.142322097378277,0.02722535308100062,0.1859899891607161,0.001841620626151013,0.11090573012939002,756.0,0.8863462657443908,0.22890846647752724,-0.016822429906542057,0.3917923151767329,-0.3297876603371313,0.003690036900369004,32.0,0.6760807003071966,-0.2684075099649872,-0.44163122453755194,-0.05562398697453629,-0.44163122453755194,-0.6061452513966481,-0.44163122453755194,0.0005263157777096104,-2.0,-0.0006459962990448393,-0.05731962115481675,-0.004042355214883888,True,-1,0,-1,0,0,False,0.548551070691953,0,-inf,3.0830034363049985,0.9693434316841736,0,-0.0015739590948287573,True,0,446.6312253571158
296,2016-01-04,0.0199999995529651,0.0199999995529651,0.0199999995529651,0.0199999995529651,0.0199999995529651,0,42943.0,0.0199999995529651,858.8599808029803,0.3507179513720497,0.0,0.7747663551401869,0.00021123554973972026,0.13351294048460147,-1.5,-0.03851153721156971,0.37816831373459525,-1.0,-0.13610586011342155,0.4466312253571158,0.4466312253571158,0.01099626541929156,-0.4466312253571158,-0.9850467289719627,0.36906426173728096,-1.4963235294117645,-0.044444444444444446,-5.629191108692644e-07,-0.03925233644859813,1.1887755102040816,-0.000900329506332211,1.0,0.12575693668678065,0.0,-0.009999999776482601,0.5152380952380953,0.7300628257853378,1.0,0.003230053462864246,3.142322097378277,0.43159190102122796,0.19667343198242326,0.5174953959484346,1.0,-0.0,1.585690853765903,1.1391170175700562,-0.02127628504672897,0.285570091119208,-0.3307179518190846,2.7657657657657655,48.0,0.4415628042928868,-0.24216336906806094,1.0,-0.06493506493506493,0.4466312253571158,-0.441340782122905,0.4466312253571158,0.009967105040375748,-0.0,0.0,-0.4165658787993392,-0.0004828602238954537,False,-1,0,-1,0,0,False,0.4355089353089078,0,inf,0.94491125531801,0.8773373694717913,0,-0.0924420356945324,True,0,0.0
297,2016-01-05,0.0199999995529651,0.0199999995529651,0.0199999995529651,0.0199999995529651,0.0199999995529651,0,42943.0,0.0199999995529651,858.8599808029803,0.351648242854003,0.0,0.3710280373831776,-0.31423049469992104,0.00914325866696149,-2.0,-0.03802404939876503,0.27621413257887034,-1.0,-0.15311909262759923,-0.0,-0.0,0.0656466585962229,-0.0,-1.0,0.1370840509835875,-1.847426470588235,-0.8851851851851852,-0.00037785945317099376,-0.08971962616822429,1.1887755102040816,-0.12334514236751293,1.0,-0.5536964828669301,0.0,-0.009999999776482601,0.5152380952380953,0.7300628257853378,1.0,0.005493184060663617,3.142322097378277,0.45743920969146296,0.1946255076960689,0.5174953959484346,0.8678373382624769,84.0,1.7058453981417927,1.1271050055580443,-0.03304614485981308,0.21271069649064375,-0.33164824330103787,2.743362831858407,48.75,-0.656211445734555,-0.0,1.0,-0.07050092764378478,-0.0,-0.441340782122905,-0.0,0.011990131310947064,-0.0,0.0,-0.5098130347703091,-0.000663921241458372,False,-1,0,-1,0,0,False,0.5607721540920443,0,inf,0.9438316799563922,0.8669035390432228,0,-0.5178236397748592,True,0,0.0
298,2016-01-06,0.0199999995529651,0.0199999995529651,0.0199999995529651,0.0199999995529651,0.0199999995529651,0,5420.0,0.0199999995529651,108.39999757707085,0.35176565849408836,0.0,0.7747663551401869,0.0,-0.020263511699922115,-2.5,-0.037861553461163475,0.1928128909707113,-1.0,-0.2438563327032136,-0.0,-0.0,0.07381712557313297,-0.0,-0.9626168224299065,0.18317224642217572,-2.1525735294117645,-0.8722222222222222,-0.0017202895984275793,-0.1102803738317757,1.1887755102040816,-0.12334514236751293,1.0,-0.7415613268400894,0.0,-0.009999999776482601,0.5152380952380953,0.6268485865038191,1.0,0.004005232439680547,3.2265917602996255,0.10144752365002824,0.05824973695754275,0.5174953959484346,0.8678373382624769,168.0,2.017473305118537,1.1180959965490351,-0.045721378504672894,0.14884434387084797,-0.33176565894112325,2.7280701754385963,45.5,-0.5486480412764382,-0.0,1.0,-0.7940630797773655,-0.0,-0.441340782122905,-0.0,0.00399671118142772,-0.0,0.0,-0.7792145574554391,-0.0008413610386700321,False,-1,-1,0,0,0,False,0.8029219432129453,0,inf,0.25006257494106643,0.8457047924296455,0,-0.525328330206379,True,-1,0.0
299,2016-01-07,0.0199999995529651,0.0199999995529651,0.0199999995529651,0.0199999995529651,0.0199999995529651,0,5350.0,0.0199999995529651,106.99999760836329,0.35188155769601764,0.0,0.3710280373831776,0.0,-0.24679497747610363,-3.0,-0.03672408189795255,0.11449072346672089,-1.0,-0.24574669187145556,-0.0,-0.0,0.5840640742938076,-0.0,-0.9869158878504672,0.056821322016817034,-1.8805147058823528,-0.1814814814814815,-0.009614420932147138,-0.15514018691588785,1.1887755102040816,-0.12334514236751293,1.0,-0.5977793238597255,0.0,-0.009999999776482601,0.5152380952380953,0.38124642583151125,1.0,0.0,5.228464419475656,0.05698949239338953,0.0604235840371489,0.5174953959484346,0.8678373382624769,252.0,2.373970752651152,1.1090869875400262,-0.060207359813084116,0.08667054767106898,-0.33188155814305254,2.6280991735537187,42.25,7.299186858520213e-09,-0.0,1.0,-0.7495361781076066,-0.0,-0.33798882681564246,-0.0,0.00499588897678465,-0.0,0.0,-0.6882161491775866,-0.001011558395179176,False,-1,-1,0,0,0,False,0.6709950868132695,0,inf,0.9856520657390904,0.851949824137303,0,-0.28691800808901435,True,0,0.0
313,2016-01-28,0.0149999996647238,0.0149999996647238,0.0149999996647238,0.0149999996647238,0.0149999996647238,0,34725.0,0.014999999664723799,520.8749883575339,0.3403343046638723,0.0,0.9,0.0,-0.11111111111104176,-1.5,-0.018890152746181346,-0.1111111111110392,-1.0,-0.22684310018903592,0.08990440391571741,0.08990440391571741,0.4195916309726714,-0.08990440391571741,-0.9719626168224299,-0.05514403292177501,-2.1838235294117645,-0.8555555555555555,-7.167836678401966e-05,-0.6,1.151360544217687,-0.0004542947050300148,1.0,-0.23297665369645598,0.0,-0.0049999998882413,0.5152380952380953,-0.45883146774112304,1.0,-0.00426179793228893,3.1591760299625467,0.48081813760314396,0.048211306735506415,0.5174953959484346,0.7190388170055453,-0.0,2.452496145650098,1.2772551557081944,-0.008148364485981309,-0.0517133956385954,-0.3253343049991485,7.571428571428571,72.0,-0.24999999999994968,-0.341846758349706,0.08990440391571741,-0.07606679035250463,0.08990440391571741,-0.8184357541899442,0.08990440391571741,0.0041118420133563335,-0.0,0.0,-0.9999999999999962,-9.901086666206597e-05,False,0,0,-1,0,0,False,0.5427333108467545,0,inf,0.9862327047989541,0.6941128620582379,0,-0.0581538592367108,True,0,0.0
314,2016-01-29,0.0149999996647238,0.0149999996647238,0.0149999996647238,0.0149999996647238,0.0149999996647238,0,34725.0,0.014999999664723799,520.8749883575339,0.340878048995055,0.0,0.8383177570093457,0.0,-0.16666666666661054,-2.0,-0.01882244610551403,-0.1666666666666056,-1.0,-0.23440453686200377,-0.0,-0.0,0.3681939924348164,-0.0,-0.9757009345794393,-0.08271604938268574,-2.549632352941176,-0.8759259259259259,-0.007675558443122107,-0.6093457943925233,1.151360544217687,-0.12334514236751293,1.0,-0.3812435397327452,0.0,-0.0049999998882413,0.5152380952380953,-0.6060941025942338,1.0,-0.0025311377873258787,3.1591760299625467,0.48165799461205777,0.05202371461640502,0.5174953959484346,0.8678373382624769,106.25,2.394356610766377,1.2742521527051913,-0.02127628504672897,-0.08255451713392539,-0.3258780493303312,6.820512820512821,71.25,-0.40824829046381145,-0.0,-0.0,-0.07977736549165121,-0.0,-0.8184357541899442,-0.0,0.005592105138164613,-0.0,0.0,-0.9999999999999973,-0.0002981779859812764,False,0,0,-1,0,0,False,0.5137197476944543,-1,inf,0.9862327047989541,0.8467841840385003,0,-0.09951973999216496,True,0,0.0
315,2016-02-01,0.0149999996647238,0.0149999996647238,0.0149999996647238,0.0149999996647238,0.0149999996647238,0,34725.0,0.014999999664723799,520.8749883575339,0.3414217933262378,0.0,0.7747663551401869,0.0,-0.21821789023593444,-2.5,-0.018687032824179398,-0.21821789023593166,-1.0,-0.24196597353497165,-0.0,-0.0,0.02181077438537169,-0.0,-0.9775700934579439,-0.21013574615311936,-2.5496323529411766,-0.8888888888888888,-0.006442653201954268,-0.6186915887850467,1.151360544217687,-0.12334514236751293,1.0,-0.3228656227111681,0.0,-0.0049999998882413,0.5152380952380953,-0.6962093412246835,1.0,-0.0010426401695542299,3.1591760299625467,0.9767225325884544,0.055873816604673006,0.5174953959484346,0.8678373382624769,212.5,2.3059845177431217,1.2412191196721585,-0.03304614485981308,-0.11706268130413447,-0.32642179366151397,4.872727272727273,70.0,-0.6123724356957201,-0.0,-0.0,-0.08719851576994433,-0.0,-0.8184357541899442,-0.0,0.004255756483823805,-0.0,0.0,-0.9999999999999962,-0.0004828602238954537,False,0,-1,-1,0,0,False,0.5609268653899234,-1,inf,0.9862327047989541,0.6169512021933152,0,-0.1278354318871229,True,-1,0.0
316,2016-02-02,0.0149999996647238,0.0149999996647238,0.0149999996647238,0.0149999996647238,0.0149999996647238,0,34725.0,0.014999999664723799,520.8749883575339,0.34196553765742055,0.0,0.3710280373831776,0.0,-0.2721655269758438,-3.0,-0.017502166612501355,-0.27216552697584206,-1.0,-0.24763705103969755,-0.0,-0.0,0.5135091341191157,-0.0,-0.9794392523364486,-0.13507474301764014,-2.2463235294117645,-0.9,-0.009614420932147138,-0.6261682242990654,1.151360544217687,-0.12334514236751293,1.0,-0.5330739299609928,0.0,-0.0049999998882413,0.5152380952380953,-0.7071067811865466,1.0,-3.326059705772164e-11,3.1591760299625467,0.5558659217877095,0.0594284968725955,0.5174953959484346,0.8678373382624769,318.75,2.2827287037896333,1.2322101106631493,-0.045721378504672894,-0.15414234518444794,-0.32696553799269673,3.884353741496599,65.0,-0.999999999999816,-0.0,1.0,-0.09090909090909091,-0.0,-0.6536312849162011,-0.0,0.004255756483823805,-0.0,0.0,-0.9999999999999973,-0.000663921241458372,False,0,-1,-1,0,0,False,0.6375152876370905,-1,inf,0.9862327047989541,0.5961515446619455,0,-0.1704083332115414,True,-1,0.0
375,2016-04-27,0.025000000372529,0.025000000372529,0.025000000372529,0.17607801392761527,0.025000000372529,2000,10500.0,0.025000000372529,262.5000039115545,0.3201386690042107,-0.3749999767169354,0.9663551401869159,0.0,-0.23892193745218487,-3.5,-0.12174500324991874,-0.457127228738696,-1.0,-0.8279773156899811,-0.13607801482168497,-0.13607801482168497,0.022577237919197253,-0.13607801482168497,-0.9364485981308411,-0.0033861276202866372,-1.7977941176470589,-0.10648148148148148,-0.8453644783968063,-0.5906542056074766,-1.3452380952380953,-2.0434657659967522e-05,-1.0,-0.2627087236627934,0.0,-0.16107801426289148,0.015238095238095238,-0.5789473684210537,1.0,0.0021824514994071343,3.0430711610486894,0.013945509755565627,0.015274439250183455,0.011049723756906077,0.11275415896487985,-0.0,1.5649383765129812,0.3871053373815805,-0.19260582737768006,-0.328106272590018,-0.2951386686316817,0.04738154613466334,18.0,0.1345405089468237,-0.42102006404405773,-0.13607801482168497,-0.1432745643451687,-0.13607801482168497,-0.8184357541899442,-0.13607801482168497,-0.0,-2.0,-0.08717173438312877,-0.5759849974309071,-0.0035545870134705997,False,-1,0,0,0,0,True,0.7724786949829164,-1,inf,1.2752607694423157,0.9828843393582467,0,-0.14342702251627049,True,-1,151.07801355508627
376,2016-04-28,0.025000000372529,0.025000000372529,0.025000000372529,0.025000000372529,0.025000000372529,0,10500.0,0.025000000372529,262.5000039115545,0.3203801769002873,0.0,0.9,0.0,-0.23892193745218487,-3.5,-0.07281510670566568,-0.4571272287386956,-1.0,-0.8241965973534972,0.15107801355508627,0.15107801355508627,0.22334610200995203,-0.15107801355508627,-0.9383177570093458,-0.2268705505592045,-1.1691176470588234,-0.10648148148148148,-0.00012918993594449615,-0.17757009345794392,-0.0,-0.00405148277849495,1.0,-0.26323944835706165,0.0,-0.010000000707805198,0.5152380952380953,-0.4987265760659011,1.0,-0.007758570876032911,3.0430711610486894,0.08763651920076503,0.01947408080712161,0.5174953959484346,0.9981515711645101,896.0,2.1153589244825612,0.9589368373898761,-0.0941588785046729,-0.32810627259001773,-0.29538017652775833,15.333333333333332,46.75,0.1345405089468237,-0.2279958129005978,0.15107801355508627,-0.150278293135436,0.15107801355508627,-0.20670391061452514,0.15107801355508627,-0.0,-0.0,0.0,-0.5759849974309071,-9.901086666206597e-05,False,-1,0,0,0,0,False,0.7312578658207869,-1,inf,1.0,0.9149442345950769,0,-0.07930942841902128,True,-1,0.0
377,2016-04-29,0.025000000372529,0.025000000372529,0.025000000372529,0.025000000372529,0.025000000372529,0,2000.0,0.025000000372529,50.000000745057996,0.32042617840430193,0.0,0.8383177570093457,0.0,-0.23892193745218307,-3.5,-0.07258321146138012,-0.457127228738696,-1.0,-0.1947069943289225,-0.0,-0.0,0.22428060452882212,-0.0,-0.9588785046728971,-0.2268705505592047,-1.1691176470588234,-0.07037037037037037,-0.031811755158332726,-0.17757009345794392,-0.0,-0.12334514236751293,1.0,1.3068763318117742,0.0,-0.010000000707805198,0.5152380952380953,-0.29037323826836764,1.0,-0.0069339918003199705,3.0430711610486894,0.016973005245426245,0.01824302898970757,0.5174953959484346,0.8678373382624769,1008.0,1.7758240407616313,0.9439218223748611,-0.0941588785046729,-0.328106272590018,-0.29542617803177296,14.4375,54.0,0.40824829046385647,-0.0,-0.0,-0.7142857142857143,-0.0,-0.30726256983240224,-0.0,-0.0,-0.0,0.0,-0.5759849974309089,-0.0002981779859812764,False,-1,0,-1,0,0,True,0.8249446409827204,-1,inf,0.9553592485846171,0.8832294351647061,0,-0.05943036229886392,True,-1,0.0
378,2016-05-02,0.025000000372529,0.025000000372529,0.025000000372529,0.025000000372529,0.025000000372529,0,2000.0,0.025000000372529,50.000000745057996,0.32047217990831656,0.0,0.7747663551401869,0.0,-0.23892193745218396,-3.5,-0.07235131621709456,-0.457127228738696,-1.0,-0.16068052930056712,-0.0,-0.0,0.07509456479617556,-0.0,-0.9682242990654205,-0.4461223139727644,-1.5496323529411764,-0.10185185185185185,-0.016057074134101405,-0.17757009345794392,-0.0,-0.12334514236751293,1.0,0.8019728098493855,0.0,-0.010000000707805198,0.5152380952380953,-0.29037323826836764,1.0,-0.005916918444830726,1.0430711610486891,0.029823588781326852,0.016977134348450867,0.5174953959484346,0.8678373382624769,1120.0,1.6319895478803128,0.9213992998523386,-0.0941588785046729,-0.32810627259001773,-0.2954721795357876,13.647058823529411,58.5,0.24999999999999767,-0.0,-0.0,-0.686456400742115,-0.0,-0.30726256983240224,-0.0,-0.0,-0.0,0.0,-0.5856985721697796,-0.0004828602238954537,False,-1,-1,-1,0,0,True,0.6419261380342135,-1,inf,0.9553592485846171,0.8593793101816034,0,-0.060291658593341624,True,0,0.0
379,2016-05-03,0.0399999991059303,0.0399999991059303,0.0399999991059303,0.0399999991059303,0.0399999991059303,2500,4500.0,0.0399999991059303,179.99999597668636,0.3199019867012881,0.5999999403953571,0.3710280373831776,0.0,-0.370323259031604,-7.5,-0.1933058444372224,-0.46224311697094056,-1.0,-0.775047258979206,-0.014999998733401302,-0.014999998733401302,0.7250967938847527,-0.014999998733401302,-0.9570093457943926,-0.4562510765657617,-2.2408088235294117,-0.9574074074074074,-0.7173394771654208,-0.14018691588785046,-0.0,-0.9011479681469078,1.0,-0.28724184591084967,0.0,-0.0249999994412065,0.5152380952380953,-0.7174300539794394,1.0,0.006562430375764097,3.5430711610486894,0.00585359842260927,0.015247222287456485,0.5174953959484346,0.06839186691312385,10693.75,2.5570247405864803,0.9213992998523386,-0.42733644859813086,-0.33955428966276685,-0.2799019875953578,2.0,117.0,-0.6221568873564686,-0.0981751053220569,-0.014999998733401302,1.7284727271014795,-0.014999998733401302,-0.30726256983240224,-0.014999998733401302,-0.0,-0.0,0.0,-0.7531944314955675,-0.000663921241458372,False,-1,-1,-1,0,0,True,0.8283502034438351,-1,inf,1.0,0.8578121202793315,0,-0.012591672758630058,True,-1,0.0
380,2016-05-04,0.0399999991059303,0.0399999991059303,0.0399999991059303,0.0399999991059303,0.0399999991059303,0,2500.0,0.0399999991059303,99.99999776482575,0.3199937785776746,0.0,0.9,0.0,-0.23201141188286598,-7.0,-0.19276588397790057,-0.35139096424938,-1.0,-0.8525519848771267,-0.0,-0.0,0.3971635705197892,0.0,-0.8448598130841122,-0.17439403410895155,-2.536764705882353,-0.9555555555555556,-0.013014103469223569,-0.08411214953271028,-0.0,-0.12334514236751293,1.0,-0.3138141495134257,0.0,-0.0249999994412065,0.5152380952380953,-0.7463966613844685,1.0,0.00724213440030002,3.649812734082397,0.003251999123671817,0.00412640165464399,0.5174953959484346,0.09149722735674677,2511.0,2.5161511644118244,0.9213992998523386,-0.41285046728971964,-0.2591097857876275,-0.2799937794717443,1.9893617021276595,51.0,-0.6123724356957877,-0.0,-0.0,-0.24860853432282004,-0.0,-0.30726256983240224,-0.0,-0.0,-0.0,0.0,-0.7531944314955675,-0.0008413610386700321,True,-1,-1,-1,0,0,True,0.5800448366833523,-1,inf,0.669868797065643,0.5119537751806893,0,-0.016612503981242508,True,-1,0.0
381,2016-05-05,0.0399999991059303,0.0399999991059303,0.0399999991059303,0.0399999991059303,0.0399999991059303,0,2500.0,0.0399999991059303,99.99999776482575,0.32008557045406105,0.0,0.8383177570093457,0.0,-0.10326805231483395,-7.0,-0.19060604214061316,-0.25503068522534683,-1.0,-0.8601134215500945,-0.0,-0.0,0.3532419521328949,-0.0,-0.8317757009345794,-0.1265707845192462,-2.536764705882353,-0.9277777777777778,-0.08048360615364407,-0.04299065420560748,-0.0,-0.12334514236751293,1.0,-0.12491449040296662,0.0,-0.0249999994412065,0.5152380952380953,-0.7463966613844685,1.0,0.0077585708760258484,5.829588014981273,0.003251999123671817,0.003906312774962695,0.5174953959484346,0.8678373382624769,2406.375,2.5992697559734106,0.9213992998523386,-0.39655373831775703,-0.18543352626665505,-0.2800855713481307,1.9489795918367345,46.75,-0.40824829046386146,-0.0,-0.0,-0.22820037105751392,-0.0,-0.388268156424581,-0.0,-0.0,-0.0,0.0,-0.4472135954999573,-0.001011558395179176,True,-1,-1,0,0,0,False,0.6739308142789632,-1,inf,1.045156443549817,0.47745169820412053,0,-0.024120179498488027,True,-1,0.0
382,2016-05-06,0.0399999991059303,0.0399999991059303,0.0399999991059303,0.0399999991059303,0.0399999991059303,0,2500.0,0.0399999991059303,99.99999776482575,0.3201773623304475,0.0,0.7747663551401869,0.0,0.0971401530987954,-7.0,-0.18952612122196946,0.04501491366065791,-1.0,-0.7580340264650284,-0.0,-0.0,0.056330783027376645,-0.0,-0.7906542056074767,0.0006252071341758043,-2.176470588235294,-0.8870370370370371,-0.08048360615364407,-0.04672897196261682,1.4761904761904763,-0.12334514236751293,1.0,-0.6057421038704329,0.0,-0.0249999994412065,0.5152380952380953,-0.7463966613844685,1.0,0.0077585708760324916,3.096441947565543,0.020436247124548144,0.0035542414346585866,0.5174953959484346,0.8678373382624769,2464.0,2.1985862619291683,0.9334113118643506,-0.39655373831775703,0.03273046993270298,-0.28017736322451725,1.93,68.0,-0.2499999999999972,-0.0,1.0,-0.23376623376623376,-0.0,-0.388268156424581,-0.0,-0.0,-0.0,0.0,-0.31622776601683794,-0.0011708920906345443,True,-1,-1,0,0,0,True,0.6594414265821898,-1,inf,1.045156443549817,0.33837017338113473,0,-0.03244629683836429,True,-1,0.0
383,2016-05-09,0.0399999991059303,0.0399999991059303,0.0399999991059303,0.0399999991059303,0.0399999991059303,1000,3500.0,0.0399999991059303,139.99999687075606,0.32001212581587224,0.0,0.3710280373831776,0.0,-0.08614284364765586,-7.0,-0.1922259235185787,-0.04501491366065736,-45.5,-0.7599243856332704,-0.0,-0.0,0.6413190717389291,-0.0,-0.22897196261682243,-0.0223407349278818,-1.8805147058823528,-0.15648148148148147,-0.36449381844451373,-0.04672897196261682,-1.4761904761904763,-0.12334514236751293,-1.0,-0.18920233241872034,0.0,-0.0249999994412065,0.5152380952380953,-0.6393620130910065,1.0,-7.328186675288026e-11,2.596441947565543,0.1389664804469274,0.0032435772220797193,0.5174953959484346,0.8678373382624769,4536.0,1.5775973444371312,0.9334113118643506,-0.39655373831775703,-0.03273046993270239,-0.2800121267099419,1.9789473684210528,19.0,2.438273135567573e-08,-0.0,-0.0,2.414248025109371,-0.0,-0.388268156424581,-0.0,-0.02101973506720051,-0.0,0.0,-0.3160219950209602,-0.0013447106674949459,True,-1,-1,-1,0,0,False,0.7230457340919368,-1,inf,1.043414174649955,0.3477493690458997,0,-0.017356239410664293,True,-1,0.0
384,2016-05-10,0.0399999991059303,0.0399999991059303,0.0399999991059303,0.0399999991059303,0.0399999991059303,0,1000.0,0.0399999991059303,39.9999991059303,0.32004880889434006,0.0,0.3710280373831776,0.0,-0.08614284364765427,-6.5,-0.19168596305925686,-0.04501491366065789,-1.0,-0.12003780718336483,-0.0,-0.0,0.3588489672461154,0.0,-0.48411214953271026,-0.022340734927882064,-1.8805147058823528,-0.5768518518518518,-0.08048360615364407,-0.04672897196261682,-1.4761904761904763,-0.12334514236751293,1.0,0.5423101699549964,0.0,-0.0249999994412065,0.5152380952380953,-0.6393620130910065,1.0,1.1966878729325821e-10,2.596441947565543,0.03970470869912211,0.002349682737080719,0.5174953959484346,0.4177449168207024,2160.0,1.3751311602890532,0.9334113118643506,-0.39655373831775703,-0.03273046993270239,-0.28004880978840974,1.96875,12.75,-3.0791645169966715e-08,-0.0,1.0,-0.6530612244897959,-0.0,-0.61731843575419,-0.0,-0.013137334417000318,2.0,0.0,2.7566343775835583e-08,-0.0025035011798976254,False,0,0,-1,0,0,True,0.7513910896444704,-1,inf,1.0,0.3251241946480326,0,-0.2570356472795497,True,0,0.0
385,2016-05-11,0.0399999991059303,0.0399999991059303,0.0399999991059303,0.0399999991059303,0.0399999991059303,0,1000.0,0.0399999991059303,39.9999991059303,0.32008549197280783,0.0,0.3710280373831776,0.0,-0.32714931213420395,-6.0,-0.191146002599935,-0.29518964998913194,-1.0,-0.19281663516068054,-0.0,-0.0,0.3555782084300701,-0.0,-0.48411214953271026,-0.14650152999460622,-1.8805147058823528,-0.5768518518518518,-0.08325890291756284,-0.897196261682243,-1.4761904761904763,-0.12334514236751293,1.0,0.4610664072117135,0.0,-0.0249999994412065,0.5152380952380953,-0.27472112789737924,1.0,0.0,1.0964419475655431,0.03970470869912211,0.0013780613153223083,0.5174953959484346,0.4177449168207024,2052.0,1.4727231145627997,0.9334113118643506,-0.3829731308411215,-0.208563902235313,-0.28008549286687756,1.9587628865979383,17.0,-0.0,-0.0,1.0,-0.6363636363636364,-0.0,-0.61731843575419,-0.0,-0.013137334417000318,-0.0,0.0,3.5951141317220076e-08,-0.001011558395179176,False,0,0,-1,0,0,True,0.6924601067700995,-1,inf,1.0,0.2742073757015315,0,-0.27204502814258913,True,0,0.0
386,2016-05-12,0.025000000372529,0.025000000372529,0.025000000372529,0.22839541258334478,0.025000000372529,20491,21491.0,0.025000000372529,537.2750080060207,0.3146650835084031,-0.3749999767169354,0.9663551401869159,0.0,0.08908622518853931,-1.5,-0.12360016520420324,0.47718343691019927,-56.0,-0.11720226843100189,-0.18839541347741448,-0.18839541347741448,0.32732451071505736,-0.18839541347741448,-0.9457943925233645,0.011929585922754983,-1.504595588235294,-0.037037037037037035,-0.9131027827749879,-0.10654205607476636,-1.4098639455782314,-2.0434657659967522e-05,-1.0,1.2414837027062589,0.0,-0.213395412918621,0.01904761904761905,0.3749999999999911,1.0,-0.0026062959927444585,3.596441947565543,0.055115044450372665,-0.0049454926011759295,0.009208103130755065,0.0166358595194085,232.5,1.033500004802638,0.49569458961724155,-0.06772264980758659,0.3389340299549098,-0.28966508313587414,0.02277432712215321,20.0,0.6896261049541524,-0.3880698606190927,-0.18839541347741448,-0.10500394875979054,-0.18839541347741448,-0.61731843575419,-0.18839541347741448,-0.0,-2.0,-0.0319598215019807,-0.704300479045716,-0.0036358349822713794,True,0,0,-1,0,0,True,0.9094031202255057,-1,inf,1.5970289802341628,0.8396882555179453,0,-0.11632270168855535,True,0,203.39541221081578
396,2016-05-26,0.0299999993294477,0.0299999993294477,0.0299999993294477,0.0299999993294477,0.0299999993294477,0,1000.0,0.0299999993294477,29.9999993294477,0.3163823371616107,0.0,0.3710280373831776,0.0,-0.33333333333319864,-7.0,-0.10024645217202904,-0.3333333333349366,-1.0,-0.8563327032136105,-0.0,-0.0,0.3854822890339131,-0.0,-0.17009345794392525,-0.16543209876622778,-1.8805147058823528,-0.31296296296296294,-0.08831390773755772,-0.8467289719626169,-1.4472789115646258,-0.12334514236751293,1.0,-0.0,0.0,-0.014999999664723901,0.5152380952380953,-0.7071067811865468,1.0,0.0,2.6376404494382024,0.022242644223428816,-0.009845186270908537,0.5174953959484346,0.8678373382624769,1417.5,2.0237559823108855,1.058035936488975,-0.41285046728971964,-0.19563862928443268,-0.286382337832163,8.137254901960786,17.0,-0.0,-0.0,1.0,-0.24304267161410018,-0.0,-0.9022346368715084,-0.0,-0.006064965840012407,-0.0,0.0,-0.19999999999999707,-0.000663921241458372,False,-1,-1,-1,0,-1,False,0.8875259943325964,-1,inf,1.0125020357937,0.1842157410892504,0,-0.36757433691834623,True,-1,0.0
406,2016-06-10,0.0399999991059303,0.0399999991059303,0.0399999991059303,0.0399999991059303,0.0399999991059303,0,3000.0,0.0399999991059303,119.9999973177909,0.316069176100562,0.0,0.3710280373831776,0.0,-0.3333333333333238,-7.0,-0.19789550834145814,-0.33333333333350323,-1.0,-0.782608695652174,-0.0,-0.0,0.3266086303450972,-0.0,-0.48411214953271026,-0.16543209876551643,-1.8805147058823528,-0.31296296296296294,-0.08831390773755772,-0.8841121495327103,-1.5238095238095237,-0.12334514236751293,1.0,8.103116655309812e-10,0.0,-0.0249999994412065,0.5152380952380953,-0.7071067811865469,1.0,0.0,3.107677902621723,0.41689944134078216,-0.00091371370506175,0.5174953959484346,0.8678373382624769,2632.5,2.7672235424227605,1.0069848854379242,-0.41285046728971964,-0.22866043613719048,-0.27606917699463174,3.736842105263158,28.5,1.3514474220128494e-08,-0.0,-0.0,-0.22448979591836735,-0.0,-0.6145251396648045,-0.0,-0.01262335498100394,-0.0,0.0,-0.0,-0.000663921241458372,True,0,-1,-1,0,-1,False,0.7687485185040744,0,inf,1.0298821612400242,0.09689431163471197,0,-0.13591603335574418,True,-1,0.0
421,2016-07-01,0.0700000002980232,0.0700000002980232,0.0700000002980232,0.0700000002980232,0.0700000002980232,0,48000.0,0.0700000002980232,3360.0000143051134,0.30880179866854934,0.0,0.9,0.0,-0.6666666666666548,-8.5,-0.3905589860253494,-0.6666666666666633,-1.0,-0.9300567107750473,-0.0,-0.0,0.283154263217638,0.0,-0.8728971962616823,-0.33086419753086255,-2.516544117647059,-0.9777777777777777,-0.01126059675680409,-0.9121495327102803,-1.6139455782312924,-0.12334514236751293,-1.0,-0.2513824590113077,0.0,-0.05500000063329939,0.5152380952380953,-0.9999999999999998,1.0,0.007758570876011715,3.052434456928839,0.08325117756599852,0.0026121114428465813,0.5174953959484346,0.09426987060998152,3045.0,3.113735170329737,0.9919698704229092,-0.45766647196261684,-0.5457943925233635,-0.23880179837052615,0.9473684210526315,14.25,-0.6123724356957944,-0.0,-0.0,-0.10204081632653061,-0.0,-0.9175977653631285,-0.0,-0.0,-0.0,0.0,-0.6324555320336753,-9.901086666206597e-05,False,-1,0,-1,0,0,True,0.7582500344022842,-1,inf,1.0210121265508514,0.8909344136396412,0,-0.5834896810506567,True,-1,0.0
422,2016-07-05,0.0599999986588954,0.0599999986588954,0.0599999986588954,0.17236392279427776,0.0599999986588954,5000,53000.0,0.0599999986588954,3179.999928921456,0.31020258137784484,-0.14285716566504347,0.9663551401869159,0.0,-0.7568472624638938,-7.0,-0.4843462246777164,-0.6243474193046219,-53.0,-0.9130434782608695,-0.10236392249625456,-0.10236392249625456,0.2285587399133742,-0.10236392249625456,-0.9420560747663551,-0.03931076343769841,-2.207720588235294,-0.9851851851851852,-0.8324581504823514,-0.7177570093457943,-1.598639455782313,-3.604321626684415e-05,-1.0,-0.38644465286999585,0.0,-0.15736392312955397,0.02666666666666667,-0.9999999999999998,1.0,0.0065329467390668515,3.0205992509363297,0.011173184357541888,6.227705751999952e-05,0.016574585635359115,0.11645101663585952,-0.0,2.0191432959082354,0.5446219700363346,-0.839802089059923,-0.5204840168408642,-0.25020258271894946,0.04591836734693877,19.0,-0.5573761994062087,-0.09467382392525109,-0.10236392249625456,-0.09917756688451633,-0.10236392249625456,-0.9175977653631285,-0.10236392249625456,-0.0,-2.0,-5.743164469086786,-0.7419626490495871,-0.0035816696697375263,False,0,0,-1,0,0,True,0.8075466451624455,-1,inf,1.1565213150129916,0.9314694132522737,0,-0.6416510318949343,True,-1,112.36392413538235
423,2016-07-06,0.1199999973177909,0.1199999973177909,0.1199999973177909,0.1199999973177909,0.1199999973177909,0,53000.0,0.11999999731779092,6359.999857842919,0.3156481970216972,1.0000000000000018,0.9,0.0,-0.2569435796275678,-9.0,-0.7999607301484128,-0.19674879733504333,-1.0,-0.996219281663516,0.052363925476486856,0.052363925476486856,0.003180737931200039,-0.052363925476486856,-0.8953271028037383,-0.18800440634237475,-1.5238970588235294,-0.07222222222222222,-0.0012220211610675762,-0.6897196261682244,-1.8928571428571428,-0.029411664953925568,-1.0,0.04785260945480186,0.0,-0.1049999976530671,0.5152380952380953,-0.5789473684210539,1.0,0.004820425321018693,3.00187265917603,0.5558659217877095,0.0019006094959949835,0.5174953959484346,0.7356746765249538,6293.0,2.241644223485884,0.7667446451976838,-0.47486857476635513,-0.18939370210756526,-0.19564819970390632,0.23030303030303031,19.0,0.20726925649686276,-0.09444178023916003,0.052363925476486856,-0.21521335807050093,0.052363925476486856,-0.9175977653631285,0.052363925476486856,-0.0,-0.0,0.0,-0.5686923138152404,-9.901086666206597e-05,False,0,-1,-1,0,0,True,0.8106893688271298,-1,inf,1.16844383558392,0.9236437880057169,0,-0.42903876336563046,True,-1,0.0
424,2016-07-07,0.1199999973177909,0.1199999973177909,0.1199999973177909,0.1199999973177909,0.1199999973177909,0,53000.0,0.11999999731779092,6359.999857842919,0.3210938126655496,0.0,0.8383177570093457,0.0,-0.07924003229086518,-8.5,-0.7857321796121763,-0.061606046805340264,-1.0,-1.0,-0.0,-0.0,0.04952863350011488,-0.0,-0.0691588785046729,-0.03057485285894665,-0.8658088235294117,-0.003703703703703704,-0.04629425658322173,-0.7065420560747664,-1.8928571428571428,-0.12334514236751293,1.0,0.3197894563972459,0.0,-0.1049999976530671,0.5152380952380953,-0.384741882031931,1.0,0.0043221911427163235,3.00187265917603,0.5558659217877095,0.002224013569469393,0.5174953959484346,0.10536044362292052,2936.25,2.0462953862765816,0.7817596602126988,-0.45766647196261684,-0.06045453191178256,-0.2010938153477587,0.24607329842931938,23.75,0.7011230509983963,-0.0,-0.0,-0.862708719851577,-0.0,-0.5,-0.0,-0.026776315190976306,-0.0,0.0,-0.42750915365861347,-0.0002981779859812764,False,0,-1,-1,0,-1,False,0.749680052554831,-1,inf,1.2656111310477705,0.9283894567555473,0,-0.5898491288142882,True,0,0.0
425,2016-07-08,0.1199999973177909,0.1199999973177909,0.1199999973177909,0.1199999973177909,0.1199999973177909,0,5000.0,0.11999999731779092,599.9999865889546,0.32160754999044133,0.0,0.7747663551401869,0.0,0.047673586630629546,-8.0,-0.7825702794930126,0.03262997406643323,-1.0,-0.9829867674858223,-0.0,-0.0,0.010617320361180937,-0.0,-0.8822429906542056,0.030575494217805955,-0.7729779411764705,-0.014814814814814815,-0.08831390773755772,-0.7102803738317757,-1.8928571428571428,-0.12334514236751293,1.0,1.3496936145507068,0.0,-0.1049999976530671,0.5152380952380953,0.081044089847309,1.0,0.0040037858779283005,3.00187265917603,0.0921436351498542,0.0012768999424507001,0.5174953959484346,0.8678373382624769,2827.5,2.267225618834721,0.7967746752277138,-0.44227511682242987,0.03226403043204335,-0.20160755267265043,0.25520833333333337,28.5,0.7003493085271241,-0.0,-0.0,-0.9461966604823747,-0.0,-0.5363128491620112,-0.0,-0.033470393988720384,-0.0,0.0,-0.577008626252156,-0.0004828602238954537,False,0,-1,-1,0,-1,True,0.8598713365406642,0,inf,1.1570672001609388,0.9344581905796385,0,-0.6386404606695242,True,0,0.0
426,2016-07-11,0.1199999973177909,0.1199999973177909,0.1199999973177909,0.1199999973177909,0.1199999973177909,0,5000.0,0.11999999731779092,599.9999865889546,0.32212128731533307,0.0,0.3710280373831776,0.0,0.16441331056928496,-7.5,-0.779408379373849,0.11798080642238228,-1.0,-0.9905482041587902,-0.0,-0.0,0.09345025188700923,-0.0,-0.8467289719626169,0.0006554489245687904,-0.7095588235294117,-0.005555555555555556,-0.08573684645677601,-0.7046728971962617,-1.8928571428571428,-0.12334514236751293,1.0,1.2861336549324391,0.0,-0.0,0.5152380952380953,0.21546437552259762,1.0,0.0,1.0018726591760299,0.052440181300727313,0.0003693678221461734,0.5174953959484346,0.8678373382624769,2718.75,1.8810379579420118,0.8298077082607469,-0.42733644859813086,0.11709870693511219,-0.20212128999754217,0.26288659793814434,33.25,0.9999999999999988,-0.0,-0.0,-0.9387755102040817,-0.0,-0.5363128491620112,-0.0,-0.033470393988720384,-0.0,0.0,-1.0000000000000018,-0.000663921241458372,False,0,-1,-1,0,-1,False,0.885561864956628,0,inf,1.1554831628104987,0.928180759807826,0,-0.6640139931308817,True,0,0.0
433,2016-07-20,0.1199999973177909,0.1199999973177909,0.1199999973177909,0.1199999973177909,0.1199999973177909,0,23471.0,0.11999999731779092,2816.5199370458704,0.32550186075161797,0.0,0.7747663551401869,0.0,-0.9974416397056892,-4.5,-0.7715036290759397,-0.7314472445136576,-1.0,-0.005671077504725898,-0.0,-0.0,0.006419775102109403,-0.0,-0.8672897196261682,-0.6630433818322877,-2.1112132352941178,-0.9481481481481482,-0.005875450628475732,-0.7233644859813084,-0.0,-0.12334514236751293,1.0,-0.6130710837966512,0.0,0.15690307769584158,0.5152380952380953,-0.993183287957595,1.0,-0.007758570876018115,3.5636704119850187,0.29978233006477767,-0.02223315060201425,0.5174953959484346,0.8678373382624769,1624.0,1.8146718692053698,0.7547326331856719,-0.11543516355140186,-0.3759775555912139,-0.20550186343382706,0.27999999999999997,51.0,-0.9965932065103656,-0.0,1.0,-0.8311688311688312,-0.0,-0.43575418994413406,-0.0,-0.0,-0.0,0.0,-0.8179093903198064,-0.0004828602238954537,False,0,-1,-1,0,-1,True,0.966096835987275,0,inf,1.0,0.8033208021293232,0,-0.8461538461538461,True,0,0.0
434,2016-07-21,0.1199999973177909,0.1199999973177909,0.1199999973177909,0.1199999973177909,0.1199999973177909,0,21521.0,0.11999999731779092,2582.5199422761784,0.3276695263488912,0.0,0.3710280373831776,0.0,-0.9974416397056892,-4.5,-0.7525322283609576,-0.7314472445136576,-1.0,-0.001890359168241966,-0.0,-0.0,0.11307480478328116,-0.0,-0.8635514018691589,-0.3630145583882597,-1.3621323529411762,-0.9148148148148149,-0.022004138628213037,-0.7233644859813084,-0.0,-0.12334514236751293,1.0,1.1948937300051297e-15,0.0,-0.0,0.5152380952380953,-0.99941315696908,1.0,0.0,3.0636704119850187,0.15643564884457242,-0.024693841015072535,0.5174953959484346,0.8678373382624769,1631.25,1.648269757420388,0.7577356361886749,-0.11543516355140186,-0.3759775555912139,-0.20766952903110028,0.3022222222222223,46.75,-0.9999999999995904,-0.0,1.0,-0.8812615955473099,-0.0,-0.26536312849162014,-0.0,-0.0,-0.0,0.0,-0.7045763406018444,-0.000663921241458372,False,0,0,-1,0,-1,False,0.9765455524738389,0,inf,0.9863892676918683,0.788739734382934,0,-0.7842401500938087,True,0,0.0
485,2016-10-03,0.0799999982118606,0.0900000035762786,0.0799999982118606,0.05614594664176398,0.0900000035762786,16850,24375.0,0.08333333333333327,2031.2499999999986,0.342427726376495,-0.24999995343387038,0.3710280373831776,0.0,0.6821281302416287,-1.0,-0.39131391506879,0.9060691242837554,55.0,-0.0888468809073724,0.06385405067602692,0.06385405067602692,0.5563805088494816,0.06385405067602692,-0.026168224299065422,0.043625550428477114,-0.7610294117647056,-0.03518518518518519,-0.0005410278121132375,-0.822429906542056,1.6258503401360545,-1.1263505083388796e-06,-1.0,0.5720219936642046,0.0,0.06385405067602692,0.9942857142857143,-0.0,1.0,-0.0020895005461882073,3.3782771535580522,0.885864622580226,-0.04891081124473031,0.994475138121547,0.7171903881700554,0.0,3.8565693491370587,1.8466477527251008,-0.00012369433754810336,0.6909835564631339,-0.2575749118965395,1.4055944055944056,160.0,0.6313074067473382,0.6898710352758015,1.0,25.470546066663452,0.06385405067602692,-0.24581005586592178,0.06385405067602692,0.19671052191896646,-2.4192162214050876,14.009407377952016,0.6500564026496886,0.0009833908144691818,True,-1,0,0,0,0,True,0.895353962399395,0,1.428623757759279,1.0,0.9579323006574368,0,-0.11632270168855535,True,0,-2.168549085190261
486,2016-10-04,0.0900000035762786,0.0900000035762786,0.0900000035762786,0.0900000035762786,0.0900000035762786,0,16850.0,0.09000000357627862,1516.5000602602947,0.343605343544359,0.0,0.3710280373831776,0.0,0.4784631889509712,-2.0,-0.504996750081248,0.6696331100592511,-1.0,-0.09829867674858223,-0.033854056934514626,-0.033854056934514626,0.2924992884063389,0.033854056934514626,-0.018691588785046728,0.33233643239977645,-0.6966911764705879,-0.03888888888888889,-0.012497048583828428,-0.8205607476635514,1.6360544217687076,-0.47617881935664386,1.0,0.3907746249911816,0.0,0.0299999937415123,0.5152380952380953,-0.0,1.0,-0.007629895610371762,3.3782771535580522,0.34851500584643375,-0.04802285883693691,0.5174953959484346,0.029574861367837338,224.0,3.626911190737901,1.3823602608132997,-0.03304614485981308,0.4601416058682767,-0.25360533996808043,0.888198757763975,63.0,0.6123724356957884,0.663242733165248,1.0,-0.6957328385899815,-0.033854056934514626,-0.44972067039106145,-0.033854056934514626,0.09835526095948323,-0.0,0.0,0.6166468282715702,-0.0025035011798976254,True,0,0,-1,0,0,False,0.8018070355043906,-1,inf,0.9794203018357042,0.9572331645114877,0,-0.4699812382739212,True,0,0.0
487,2016-10-05,0.0900000035762786,0.0900000035762786,0.0900000035762786,0.0900000035762786,0.0900000035762786,0,16850.0,0.09000000357627862,1516.5000602602947,0.3447829607122231,0.0,0.3710280373831776,0.0,0.34410322179661357,-2.5,-0.5037374065648359,0.523791675377953,-1.0,-0.10396975425330812,-0.0,-0.0,0.32100161523187665,-0.0,-0.028037383177570093,0.25995586852091,-0.8878676470588233,-0.05925925925925926,-0.0009777377219132683,-0.8186915887850468,1.6360544217687076,-0.12334514236751293,1.0,0.2613106729470597,0.0,0.0299999937415123,0.5152380952380953,0.6123724356957937,1.0,-0.007571589642107642,3.3782771535580522,0.34851500584643375,-0.045959313344352805,0.5174953959484346,0.8678373382624769,358.875,3.5641204930634824,1.3883662668193055,-0.045721378504672894,0.3316292450101038,-0.25478295713594445,0.8834355828220858,58.5,0.4082482904638554,-0.0,1.0,-0.7346938775510204,-0.0,-0.44972067039106145,-0.0,0.09835526095948323,-0.0,0.0,0.7446028913923577,-0.0025035011798976254,True,0,0,-1,0,0,False,0.7923741083029684,-1,inf,0.9528639670799789,0.9705933832653368,0,-0.5694183864915572,True,0,0.0
488,2016-10-06,0.0900000035762786,0.0900000035762786,0.0900000035762786,0.0900000035762786,0.0900000035762786,0,16850.0,0.09000000357627862,1516.5000602602947,0.34596057788008716,0.0,0.3710280373831776,0.0,0.23889110884483708,-3.0,-0.5024780630484238,0.41691100836543804,-1.0,-0.10775047258979206,-0.0,-0.0,0.02390954701490746,-0.0,-0.03177570093457944,0.39760957279296405,-0.6709558823529409,-0.0962962962962963,-0.012885306403908536,-0.8093457943925234,1.6360544217687076,-0.12334514236751293,1.0,0.12110894696055968,0.0,-0.033854056934514626,0.5152380952380953,0.6875000000000009,1.0,-0.007463166220841777,3.3782771535580522,0.0611469225994366,-0.043677263020179685,0.5174953959484346,0.8678373382624769,478.5,3.5176088651565056,1.3913692698223086,-0.060207359813084116,0.2339955992170058,-0.2559605743038086,0.863095238095238,57.0,0.24999999999999886,-0.0,1.0,-0.7699443413729128,-0.0,-0.44972067039106145,-0.0,0.09440789262666115,-0.0,0.0,0.7885284672219278,-0.0025035011798976254,True,-1,-1,-1,0,0,False,0.8578367479492907,-1,inf,0.9229091828674016,0.9941522879076276,0,-0.6106941838649156,True,0,0.0
489,2016-10-07,0.0900000035762786,0.0900000035762786,0.0900000035762786,0.0900000035762786,0.0900000035762786,0,16850.0,0.09000000357627862,1516.5000602602947,0.3471381950479512,0.0,0.7747663551401869,0.0,0.14642704014215163,-3.5,-0.49114397140071503,0.32965508348297845,-1.0,-0.11531190926275993,-0.0,-0.0,0.28221976069876786,-0.0,-0.037383177570093455,0.16360659698784857,-0.45955882352941146,-0.8101851851851852,-0.016057074134101405,-0.8,1.6360544217687076,-0.12334514236751293,1.0,-2.505094834258697e-09,0.0,-0.0,0.5152380952380953,0.6875000000000009,1.0,-0.0031674232965810886,3.855805243445693,0.3842601346511962,-0.04119398377610215,0.5174953959484346,0.8678373382624769,598.125,3.457143748877436,1.4033812818343205,-0.07650408878504673,0.15220163412278087,-0.2571381914716726,0.850828729281768,52.25,-2.1210157681977794e-08,-0.0,1.0,-0.7829313543599258,-0.0,-0.44972067039106145,-0.0,0.09440789262666115,-0.0,0.0,0.8711822805706527,-0.0025035011798976254,True,-1,-1,-1,0,0,False,0.7767301346334462,-1,inf,0.9238812772947583,0.9955562648963349,0,-0.6575984990619137,True,0,0.0
525,2016-11-29,0.2000000029802322,0.2000000029802322,0.2000000029802322,0.2000000029802322,0.2000000029802322,0,30307.0,0.2000000029802322,6061.400090321898,0.35053381016907453,0.0,0.9,0.0,-0.3443783518331681,-9.0,-0.9293142671433214,-0.47868988178436284,-1.0,-0.9924385633270322,-0.0,-0.0,0.05607015113220553,0.0,-0.7607476635514019,-0.23757201540409117,-2.8253676470588234,-0.8685185185185185,-0.002327811253222125,-0.7906542056074767,-1.998299319727891,-0.2518296656670056,-1.0,-0.24648338831943997,0.0,-0.04999999701976782,0.5152380952380953,-0.9630868246861517,1.0,0.004751134944861949,3.50561797752809,0.08317159277731793,0.07271605882280535,0.5174953959484346,0.10351201478743069,2740.5,3.3594173604251134,1.4274053058583447,-0.47486857476635513,-0.6045868945592058,-0.15053380718884232,0.05555555555555556,12.75,-0.5208950760172408,-0.0,-0.0,-0.8256029684601113,-0.0,-0.1564245810055866,-0.0,-0.0560855313302262,-0.0,0.0,-0.023716764231577807,-9.901086666206597e-05,True,-1,-1,-1,0,-1,True,0.9292035285813248,0,inf,1.2419019453764024,0.921722788963713,0,-0.2735562674163159,True,-1,0.0
526,2016-11-30,0.1500000059604644,0.1500000059604644,0.1500000059604644,0.11740368447576642,0.1500000059604644,10375,33875.0,0.1500000059604644,5081.250201910731,0.3516195639978062,-0.24999998137354906,0.8383177570093457,0.0,-0.32761011442151194,-6.0,-0.741448651283718,-0.4530964329637742,28.0,-0.8374291115311909,0.08259631850446579,0.08259631850446579,0.24501455766309213,0.08259631850446579,-0.05794392523364486,-0.02055715297706013,-2.1801470588235294,-0.8425925925925926,-0.00045596447980410416,-0.7551401869158878,1.6020408163265305,-1.0637754800978309e-07,-1.0,0.41474410273691353,0.0,0.032596321484697974,0.9980952380952381,-0.9630868246861517,1.0,0.0024470467700035982,3.50561797752809,0.45585392549830933,0.08017643777882173,0.992633517495396,0.9926062846580407,-0.0,4.396992532931841,1.9122326746636138,-0.006923446948873008,-0.5750635061974845,-0.2016195580373418,0.3160621761658031,136.0,-0.1840514175248818,0.07170665552856992,0.08259631850446579,3.8399685688797045,0.08259631850446579,-0.49162011173184356,0.08259631850446579,-0.07342107378338512,-2.0,1109.7274815115184,0.08561852390075061,0.0032428793209193845,True,0,-1,-1,0,-1,False,0.8424773068840777,-1,inf,0.9155113888137005,0.8907134334551736,0,-0.3158917239931357,True,0,-32.596321484697974
529,2016-12-05,0.1500000059604644,0.1500000059604644,0.1500000059604644,0.1500000059604644,0.1500000059604644,0,10375.0,0.1500000059604644,1556.250061839818,0.36042815770144154,0.0,0.3710280373831776,0.0,-0.34454225702816327,-4.5,-0.8082141696457589,-0.3717576480769935,-1.0,-0.030245746691871456,-0.0,-0.0,0.013674601078878872,-0.0,-0.04299065420560748,-0.3562677460737855,-0.822610294117647,-0.12962962962962962,-0.050649165941517395,-0.7476635514018691,-0.0,-0.12334514236751293,1.0,0.8206075448814347,0.0,-0.032596321484697974,0.5152380952380953,-0.407970853605137,1.0,-0.007758570876013676,3.50561797752809,0.022216916084445412,0.08756680845628899,0.5174953959484346,0.8678373382624769,1960.0,3.994017799437928,1.4484263268793656,-0.11543516355140186,-0.5265049885883628,-0.21042815174097715,0.18461538461538463,55.25,0.24999999999999942,-0.0,-0.0,-0.9443413729128015,-0.0,-0.49162011173184356,-0.0,-0.045888171114615704,-0.0,0.0,-0.13183565438461833,-0.0008413610386700321,True,0,-1,0,0,-1,True,0.9678880513465857,0,inf,0.8779773556460009,0.8199082619901261,0,-0.8292682926829268,True,-1,0.0
530,2016-12-06,0.1500000059604644,0.1500000059604644,0.1500000059604644,0.1500000059604644,0.1500000059604644,0,10375.0,0.1500000059604644,1556.250061839818,0.3615979389452843,0.0,0.7747663551401869,0.0,-0.4853516100638001,-4.5,-0.8011862203444914,-0.35719110843386936,-1.0,-0.03213610586011342,-0.0,-0.0,0.15979993072678575,-0.0,-0.044859813084112146,-0.1772726241856981,-0.676470588235294,-0.8101851851851852,-0.02537414184154296,-0.7327102803738318,-0.0,-0.12334514236751293,1.0,0.42635199407885993,0.0,-0.0,0.5152380952380953,-0.407970853605137,1.0,0.0,1.2415730337078652,0.1396157779201464,0.08365284234674407,0.5174953959484346,0.8678373382624769,1862.0,3.311195468620702,1.4514293298823686,-0.0941588785046729,-0.5288298622467141,-0.2115979329848199,0.19130434782608696,51.0,-4.2796053869008504e-08,-0.0,-0.0,-0.9276437847866419,-0.0,-0.49162011173184356,-0.0,-0.0,-300.00001192092896,0.0,0.4185020630720498,-0.001011558395179176,True,0,-1,0,0,-1,False,0.9224674783850105,0,inf,0.8779773556460009,0.4620920948987204,0,-0.8545966228893058,True,-1,0.0
538,2016-12-16,0.1700000017881393,0.1700000017881393,0.1700000017881393,0.1700000017881393,0.1700000017881393,6500,7375.0,0.17000000178813926,1253.750013187527,0.3606463165297221,0.06250003492459699,0.9663551401869159,0.0,-0.9971056276312198,-9.0,-0.9098147546311343,-0.9395962085333798,-43.0,-0.776937618147448,-0.010000005364417974,-0.010000005364417974,0.2134369459428873,-0.010000005364417974,-0.7813084112149533,-0.8647765104464625,-2.063419117647059,-0.8666666666666667,-0.8252381753758853,-0.9364485981308411,-1.5918367346938775,-0.8900071296735677,-1.0,-0.5384484930415604,0.0,-0.019999995827674893,0.5152380952380953,-1.0000000000000018,1.0,0.00692017527009112,3.102996254681648,0.0017146770426133846,0.1490318116786482,0.5174953959484346,0.12754158964879853,10179.0,3.5112675030302594,1.4754533539063925,-0.47486857476635513,-0.6603517278664723,-0.19064631474158283,0.07306889352818371,34.0,-0.9447552682488983,-0.7121420726143285,1.0,0.18952534880049574,-0.010000005364417974,-0.9553072625698324,-0.010000005364417974,-0.0,-0.0,0.0,-0.9976394241635484,0.00012188357476469475,False,-1,-1,-1,0,-1,True,0.9900680193871348,0,inf,1.0139594768576226,0.8681491442863699,0,-0.6791744840525328,True,-1,0.0
539,2016-12-19,0.1700000017881393,0.1700000017881393,0.1700000017881393,0.1700000017881393,0.1700000017881393,0,7375.0,0.17000000178813926,1253.750013187527,0.3615835231369165,0.0,0.9,0.0,-0.7194971888711079,-8.5,-0.9080272993175171,-0.6518571593787513,-1.0,-0.9697542533081286,-0.0,-0.0,0.07756370906621765,0.0,-0.7663551401869159,-0.3235142939138988,-2.21875,-0.8537037037037037,-0.004267653964240563,-0.9495327102803738,-1.5918367346938775,-0.12334514236751293,-1.0,-0.32233841775446476,0.0,-0.019999995827674893,0.5152380952380953,-1.0000000000000018,1.0,0.007168307393251692,3.0833333333333335,0.0017146770426133846,0.15703488765296958,0.5174953959484346,0.10720887245841035,2278.125,3.7080947455551767,1.4784563569093956,-0.45766647196261684,-0.4910251125787693,-0.1915835213487772,0.075,20.0,-0.4808237078575388,-0.0,1.0,-0.2690166975881262,-0.0,-0.9553072625698324,-0.0,-0.0,-0.0,0.0,-0.7054376020050855,-9.901086666206597e-05,False,-1,-1,-1,0,-1,True,0.9877212707243556,0,inf,1.0364850009326365,0.8970892249037042,0,-0.17831264291386845,True,-1,0.0
540,2016-12-20,0.1700000017881393,0.1700000017881393,0.1700000017881393,0.1700000017881393,0.1700000017881393,0,7375.0,0.17000000178813926,1253.750013187527,0.3625207297441109,0.0,0.8383177570093457,0.0,-0.5532186565469757,-8.0,-0.9062398440038999,-0.49939221096051956,-1.0,-0.9640831758034026,-0.0,-0.0,0.015689354215892373,-0.0,-0.7495327102803738,-0.03699201562670515,-1.6047794117647056,-0.8333333333333334,-0.02495743217411088,-0.9607476635514018,-1.5918367346938775,-0.12334514236751293,-1.0,-0.1777561853183967,0.0,-0.010000005364417974,0.5152380952380953,-1.0000000000000013,1.0,0.007199271381936804,3.0833333333333335,0.013574526587355982,0.16502214987697564,0.5174953959484346,0.8678373382624769,2369.25,3.37955357327231,1.4814593599123986,-0.44227511682242987,-0.3799114576839887,-0.19252072795597164,0.07692307692307693,24.0,-0.13039930355687243,-0.0,1.0,-0.7458256029684601,-0.0,-0.8184357541899442,-0.0,-0.0,-0.0,0.0,-0.498819712081774,-0.0002981779859812764,False,-1,-1,-1,0,0,False,0.987091920494963,0,inf,1.0541988932406259,0.9171484196587604,0,-0.2779445877876299,True,-1,0.0
541,2016-12-21,0.2049999982118606,0.2049999982118606,0.2049999982118606,0.2049999982118606,0.2049999982118606,2078,9453.0,0.20499999821186057,1937.864983096718,0.36340483213522656,0.2058823297386767,0.9663551401869159,0.0,-0.6783383049298788,-9.0,-0.9301284394973459,-0.41412862255951705,-1.0,-0.9621928166351607,-0.034999996423721313,-0.034999996423721313,0.008184184445076972,-0.034999996423721313,-0.7457943925233644,-0.38882076229199103,-1.6121323529411764,-0.8296296296296296,-0.8082587856427481,-0.9420560747663551,-1.6071428571428572,-0.9708047695537547,-1.0,-0.05153934596406153,0.0,-0.034999996423721313,0.5152380952380953,-0.8846517369293737,1.0,-0.001583280051428081,3.046816479400749,0.019298357133426317,0.17198937580397172,0.5174953959484346,0.0073937153419593345,12180.0,2.6695491238181095,1.4844623629154015,-0.47486857476635513,-0.3707805798243157,-0.15840483392336596,0.055876685934489405,17.0,-0.2816424180117932,-0.7370016861841286,-0.034999996423721313,-0.6820506077736522,-0.034999996423721313,-0.6452513966480447,-0.034999996423721313,-0.02901313022563356,-0.0,0.0,-0.44627513413795494,0.00012188357476469475,False,0,-1,-1,0,0,False,0.9521790389206664,0,inf,1.156210830191837,0.8843989330538365,0,-0.3317587094185273,True,-1,0.0
542,2016-12-22,0.2049999982118606,0.2049999982118606,0.2049999982118606,0.2049999982118606,0.2049999982118606,0,8578.0,0.20499999821186057,1758.48998466134,0.36471730460163,0.0,0.9,0.0,-0.4552386832494028,-8.5,-0.9265162902177446,-0.208644594552127,-1.0,-0.9489603024574669,-0.0,-0.0,0.06027541246712095,0.0,-0.7476635514018691,-0.10354953951846303,-2.202205882352941,-0.8277777777777777,-0.002521795524323969,-0.9439252336448598,-1.6071428571428572,-0.12334514236751293,-1.0,0.7137796864705019,0.0,-0.034999996423721313,0.5152380952380953,-0.8846517369293737,1.0,-0.007758570876016747,3.0271535580524342,0.01751203929869152,0.1779927287394929,0.5174953959484346,0.07393715341959335,2450.5,2.8137351703297373,1.4874653659184047,-0.45766647196261684,-0.19499494817955715,-0.1597173063897694,0.05961538461538462,12.0,-0.1462305116323579,-0.0,-0.0,-0.8274582560296846,-0.0,-0.6452513966480447,-0.0,-0.029013151842120485,-0.0,0.0,3.3453543772802215e-08,-9.901086666206597e-05,False,0,-1,-1,0,0,False,0.971929725145167,0,inf,1.1242555019021654,0.9045191417219055,0,-0.6360225140712945,True,0,0.0
543,2016-12-23,0.2199999988079071,0.2199999988079071,0.2199999988079071,0.2199999988079071,0.2199999988079071,5631,7709.0,0.2199999988079071,1695.9799908101559,0.36445141569708234,0.07317073525310236,0.9663551401869159,0.0,-0.5460790297157992,-9.0,-0.9525918102047449,-0.4647855736930181,-58.0,-0.9508506616257089,-0.015000000596046503,-0.015000000596046503,0.08399377226945222,-0.015000000596046503,-0.7757009345794392,-0.43035701267872045,-2.795955882352941,-0.8574074074074074,-0.8476350360854605,-0.9345794392523364,-1.620748299319728,-0.9158449845845791,-1.0,0.11010199932770885,0.0,-0.04999999701976782,0.5152380952380953,-0.8846517369293737,1.0,-0.0024721833694813346,1.0271535580524345,0.0017593104069178378,0.18412320583815694,0.5174953959484346,0.12014787430683918,11340.0,2.4717335559486564,1.4904683689214075,-0.47486857476635513,-0.44654165397796397,-0.14445141688917523,0.037950664136622396,17.0,-0.7488622534747937,-0.7554311113861676,-0.015000000596046503,-0.65512183503713,-0.015000000596046503,-0.9804469273743017,-0.015000000596046503,-0.07302630055499715,-0.0,0.0,3.233994215187714e-08,0.00012188357476469475,False,0,-1,-1,0,0,False,0.9785256686899019,-1,inf,1.0564673050905375,0.9024692049474077,0,-0.39503465463287907,True,0,0.0
544,2016-12-27,0.2199999988079071,0.2199999988079071,0.2199999988079071,0.2199999988079071,0.2199999988079071,0,7709.0,0.2199999988079071,1695.9799908101559,0.36571193531884033,0.0,0.9,0.0,-0.3081852144796646,-8.5,-0.9507738869028275,-0.2637986409391321,-1.0,-0.9603024574669187,-0.0,-0.0,0.007484593568565049,0.0,-0.7570093457943925,-0.013678448048695738,-2.7463235294117645,-0.8388888888888889,-0.003879685422036876,-0.9401869158878504,-1.620748299319728,-0.12334514236751293,-1.0,0.07333573186209713,0.0,-0.015000000596046503,0.5152380952380953,-0.8451542547285139,1.0,-0.003557835156283446,2.0234082397003745,0.02678403652332378,0.19073714539692116,0.5174953959484346,0.7412199630314233,2265.625,2.569435462663609,1.4934713719244106,-0.45766647196261684,-0.2564024173613984,-0.14571193651093323,0.03977272727272727,16.0,-0.38715957506697296,-0.0,-0.0,-0.8460111317254174,-0.0,-0.9804469273743017,-0.0,-0.030197362121390712,-0.0,0.0,-0.0,-9.901086666206597e-05,False,0,-1,-1,0,0,False,0.8885864824747554,-1,inf,1.1389815392951872,0.9161355242467559,0,-0.6679174484052532,True,-1,0.0
545,2016-12-28,0.2199999988079071,0.2199999988079071,0.2199999988079071,0.2199999988079071,0.2199999988079071,0,7709.0,0.2199999988079071,1695.9799908101559,0.3669724549405983,0.0,0.8383177570093457,0.0,-0.0771709675706632,-8.0,-0.9471380402989925,-0.0949785360891684,-1.0,-0.9678638941398866,-0.0,-0.0,0.04018360831141396,-0.0,-0.07476635514018691,-0.04713749568869839,-2.204044117647059,-0.13148148148148148,-0.02495743217411088,-0.9383177570093458,-1.7006802721088436,-0.12334514236751293,1.0,0.10892420803524329,0.0,-0.015000000596046503,0.5152380952380953,-0.8451542547285139,1.0,-0.0038570334927257757,4.023408239700375,0.02678403652332378,0.19738683279757474,0.5174953959484346,0.8678373382624769,2187.5,3.2781378493296938,1.4964743749274136,-0.44227511682242987,-0.09213805650519184,-0.14697245613269122,0.04347826086956522,40.0,0.14777139818632298,-0.0,-0.0,-0.8534322820037106,-0.0,-0.9804469273743017,-0.0,-0.08304275145852257,-0.0,0.0,-3.460671981956382e-08,-0.0002981779859812764,False,0,-1,-1,0,0,False,0.9169795196339854,0,inf,1.1368342891654728,0.9192589320250137,0,-0.6979362101313321,True,0,0.0
546,2016-12-29,0.2199999988079071,0.2199999988079071,0.2199999988079071,0.2199999988079071,0.2199999988079071,0,5631.0,0.2199999988079071,1238.819993287325,0.36789319511313945,0.0,0.7747663551401869,0.0,0.23968676657958515,-7.5,-0.9453201169970751,0.08172165252057484,-1.0,-0.8449905482041588,-0.0,-0.0,0.005363530053258071,-0.0,-0.7439252336448599,0.005902119348708182,-1.5082720588235292,-0.825925925925926,-0.0907918512767709,-0.9476635514018692,-1.7006802721088436,-0.12334514236751293,1.0,-0.1068797996728418,0.0,-0.0,0.5152380952380953,-0.8451542547285139,1.0,-0.003608356278434714,4.023408239700375,0.20751001097763142,0.206259196303974,0.5174953959484346,0.8678373382624769,2109.375,3.333951802818066,1.4994773779304165,-0.42733644859813086,0.07820838521595123,-0.14789319630523234,0.04528301886792453,46.75,-0.2499999999999379,-0.0,-0.0,-0.8552875695732839,-0.0,-0.9804469273743017,-0.0,-0.08418997045067177,-0.0,0.0,3.460671981956382e-08,-0.0004828602238954537,False,0,-1,-1,0,0,True,0.9720138728946685,0,inf,1.0392239595689452,0.9055116524606963,0,-0.7148217636022514,True,0,0.0
547,2016-12-30,0.2199999988079071,0.2199999988079071,0.2199999988079071,0.2199999988079071,0.2199999988079071,0,5631.0,0.2199999988079071,1238.819993287325,0.36881393528568057,0.0,0.3710280373831776,0.0,0.13141443828307758,-7.0,-0.9435021936951576,0.19196391261731077,-1.0,-0.7731568998109641,-0.0,-0.0,0.04859413098124479,-0.0,-0.08691588785046729,0.0952709788545172,-0.8437499999999999,-0.13425925925925927,-0.08831390773755772,-0.9551401869158879,-1.7006802721088436,-0.12334514236751293,1.0,-0.15755925501458726,0.0,-0.0,0.5152380952380953,-0.8451542547285139,1.0,0.0,1.0234082397003745,0.20751001097763142,0.2129324681502239,0.5174953959484346,0.8678373382624769,2031.25,2.6973149512974937,1.5024803809334197,-0.41285046728971964,0.18191720317191606,-0.14881393647777347,0.04708097928436912,51.0,1.4900690827977635e-08,-0.0,-0.0,-0.8441558441558441,-0.0,-0.9804469273743017,-0.0,-0.09354440231905573,-0.0,0.0,4.2823425543104654e-08,-0.000663921241458372,False,0,-1,-1,0,0,False,0.9440606641584205,0,inf,1.0392239595689452,0.9171770406895303,0,-0.44632399846147114,True,-1,0.0
548,2017-01-03,0.270000010728836,0.270000010728836,0.270000010728836,0.270000010728836,0.270000010728836,18000,18000.0,0.270000010728836,4860.000193119048,0.36750942372134304,0.22727278269026896,0.9663551401869159,0.0,-0.36551380625887986,-9.0,-0.9670539486512837,-0.7330370112819956,-57.0,-0.9035916824196597,-0.0500000119209289,-0.0500000119209289,0.06444466544809824,-0.0500000119209289,-0.7588785046728972,-0.6977426366647144,-1.431985294117647,-0.8351851851851851,-0.8717547322342338,-0.9514018691588785,-1.9523809523809523,-0.981682049047834,-1.0,-0.19084490890522374,0.0,-0.0500000119209289,0.5152380952380953,-0.5717718748968647,1.0,0.005751618180376719,4.023408239700375,0.04812534067675376,0.2205583230441252,0.5174953959484346,0.02033271719038817,13485.0,3.271161105143647,1.5054833839364226,-0.47486857476635513,-0.7152248969891526,-0.09750941299250704,0.028089887640449437,40.0,-0.9999999999999656,-0.8072542012798521,-0.0500000119209289,-0.2229488154820578,-0.0500000119209289,-0.7346368715083799,-0.0500000119209289,-0.18462169952200452,-0.0,0.0,-6.573137961750453e-08,0.00012188357476469475,False,0,-1,-1,0,0,False,0.928258249450448,-1,inf,1.0,0.9195715596549432,0,-0.35106045203430525,True,-1,0.0
549,2017-01-04,0.3000000119209289,0.3000000119209289,0.2750000059604645,0.2750000059604645,0.2750000059604645,8162,26162.0,0.2916666766007741,7630.583593229452,0.37088569524552706,0.01851850012202405,0.9663551401869159,0.0,-0.46451823969294076,-9.0,-0.9742647058823529,-0.7109937784579596,-58.0,-0.9319470699432892,-0.0049999952316284735,-0.0049999952316284735,0.06121420169479319,0.0049999952316284735,-0.7682242990654206,-0.6425277109027487,-2.1314338235294117,-0.8518518518518519,-0.040332274732672056,-0.811214953271028,-1.95578231292517,-0.9564160047448893,-1.0,-0.2226005517564528,0.0,-0.05500000715255737,0.04,-0.812919610816958,1.0,0.007136892597037044,2.0187265917602994,0.007087059330892956,0.22976937829706334,0.9871086556169429,0.07024029574861368,10440.0,1.8942173377603795,1.983624508486387,-0.014417262231995602,-0.7043489767901199,-0.08365755409916437,0.02616822429906542,19.0,-0.9508822528316127,0.8166803314617459,-0.0049999952316284735,-0.4738280772808241,-0.0049999952316284735,-0.9636871508379888,-0.0049999952316284735,-0.1476973596176036,250.0000596046442,0.0,0.6137777631526539,0.003595234240998039,False,0,-1,-1,0,0,False,0.8835707279898407,-1,0.42274097623902507,1.1539005101356603,0.9407076171277242,0,-0.4518437682475335,True,-1,-0.9615384703557145
550,2017-01-05,0.2949999868869781,0.2949999868869781,0.2949999868869781,0.2949999868869781,0.2949999868869781,10000,36162.0,0.2949999868869781,10667.789525806902,0.37592247631630515,0.07272720179282088,0.9663551401869159,0.0,-0.49141298534468025,-9.0,-0.9789059961000975,-0.7538261066073016,-58.0,-0.9716446124763705,-0.019999980926513616,-0.019999980926513616,0.04310199966392203,-0.019999980926513616,-0.7738317757009345,-0.6965911614760065,-2.1691176470588234,-0.85,-0.531776560986422,-0.8261682242990654,-1.9778911564625852,-0.034757800036716524,-1.0,-0.4341117129439492,0.0,-0.07499998807907099,0.5152380952380953,-0.8896008248982087,1.0,0.007654811336051234,4.01310861423221,0.0,0.23898073604335252,0.5174953959484346,0.12199630314232902,10556.0,2.065809005001265,1.5174953959484347,-0.44227511682242987,-0.7510080650872641,-0.08092248942932706,0.01865671641791045,18.0,-0.9489951492124127,-0.8287517596646324,-0.019999980926513616,-0.7765056258274701,-0.019999980926513616,-0.9636871508379888,-0.019999980926513616,-0.04430921228700579,-0.0,0.0,0.6902274475852743,0.00012188357476469475,False,-1,-1,-1,0,0,False,0.8933552225546076,-1,inf,1.2155561338249288,0.9498440600999772,0,-0.5587427920498741,True,-1,0.0
551,2017-01-06,0.2949999868869781,0.2949999868869781,0.2949999868869781,0.2949999868869781,0.2949999868869781,0,36162.0,0.2949999868869781,10667.789525806902,0.38364367777705594,0.0,0.9,0.0,-0.5714922172434123,-8.5,-0.9752396815079624,-0.5548436603178247,-1.0,-0.8941398865784499,-0.0,-0.0,0.0017729827605718815,0.0,-0.7532710280373832,-0.027742183015891236,-2.119485294117647,-0.837037037037037,-0.0006504178501650056,-0.8280373831775701,-1.9778911564625852,-0.12334514236751293,-1.0,-0.021309735861370045,0.0,-0.02499997615814209,0.5152380952380953,-0.8896008248982087,1.0,0.007633643444343143,4.01123595505618,0.007884414251598753,0.24925947740418153,0.5174953959484346,0.7430683918669131,1785.375,2.0649633120729307,1.5144923929454315,-0.42733644859813086,-0.553806569363952,-0.08864369089007784,0.022346368715083796,10.5,-0.49620211913022005,-0.0,-0.0,-0.948051948051948,-0.0,-0.9636871508379888,-0.0,-0.01661595460762717,-0.0,0.0,0.3318175822784423,-9.901086666206597e-05,False,-1,-1,-1,0,0,True,0.926450917617547,-1,inf,1.2155561338249288,0.952127329357383,0,-0.7122611081957727,True,-1,0.0
552,2017-01-09,0.3499999940395355,0.3499999940395355,0.3499999940395355,0.3499999940395355,0.3499999940395355,5000,41162.0,0.3499999940395355,14406.699754655361,0.39265007776160116,0.1864407104995205,0.9663551401869159,0.0,-0.5926870478322207,-9.0,-0.9871086556169429,-0.4012570948791473,-60.0,-0.994328922495274,-0.05500000715255743,-0.05500000715255743,0.0024074156632910263,-0.05500000715255743,-0.07289719626168224,-0.3782219653583073,-2.0808823529411766,-0.8240740740740741,-0.05160141105057125,-0.8355140186915888,-1.9829931972789114,-0.988984179393395,-1.0,0.48751737139931617,0.0,-0.07499998807907104,0.5152380952380953,-0.8896008248982087,1.0,0.0063941641755718105,3.5037453183520597,0.008176770161880653,0.25811341736463683,0.5174953959484346,0.06099815157116451,9720.0,2.0227766983463287,1.5114893899424287,-0.47486857476635513,-0.40125709487914285,-0.042650083722065635,0.014787430683918669,15.0,-0.08242113968245254,-0.8110236220472423,-0.05500000715255743,-0.907166668726815,-0.05500000715255743,-0.9636871508379888,-0.05500000715255743,-0.075986860221938,-0.0,0.0,0.01423951091922752,0.00012188357476469475,False,0,-1,-1,0,0,True,0.9438290634785125,-1,inf,1.4026308429191165,0.9327182231199861,0,-0.7534311793802272,True,-1,0.0
